"idx","time_to_first_matter","time_to_first_time_entry","time_to_first_bill","time_to_second_user","page_views_in_first_hour","page_views_in_first_day","page_views_in_first_7_days","page_views_in_first_14_days","time_to_conversion","conversion_value"
745,,,,,12,12,12,12,,
1190,117,117,223,280881,16,16,31,31,281245,140
1242,351,448,,,20,20,20,20,,
1044,,,,,1,5,5,5,,
304,,,,,4,4,4,4,,
843,1190696,1190448,1191054,,7,7,13,59,591962,69
936,278,355,,,10,10,10,10,,
997,,,,1168,41,89,89,89,1973,828
110,,,,,22,22,24,24,,
871,,332,,,10,20,20,20,,
105,,,,,1,1,1,1,,
862,,,,,5,5,5,7,,
966,,,,,10,10,10,10,,
181,,,,,,,,,,
536,192,192,,,27,56,56,116,69625,52.37
890,,,,,12,22,22,22,,
1232,,,,,6,6,6,6,,
1062,,,,,20,20,20,20,,
385,,,,120,16,16,21,21,,
650,,,,,25,25,25,25,,
971,66439,66439,,494,23,322,340,363,62499,265
13,,,,,27,27,27,54,,
223,1138609,1138609,,,10,10,26,143,1135430,62.1
1176,,,,,7,7,7,7,,
1266,205,1302,,602916,10,14,30,31,,
540,996,1066,511667,66936,20,128,213,401,513549,138
1142,,,,,17,17,17,17,,
822,,,,,1,1,1,1,,
379,,,,,13,13,13,13,,
327,,72,,,3,3,3,3,,
395,,,,,3,3,3,3,,
1018,,,,,9,9,9,9,,
133,161817,1207301,,442,13,13,241,478,1105920,98
2,,,,,4,5,9,9,,
693,,,,,14,14,14,14,,
1197,2845,3661,4525,993,102,212,761,834,608686,207
421,948,,,,27,40,40,40,,
912,2606,,,,21,21,21,21,,
1247,,,,,5,5,7,7,,
1060,,,,,37,37,46,46,,
819,929544,936322,,,2,2,16,138,498579,69
256,16509,16509,,16064,7,49,123,123,,
464,,,,,20,20,23,26,,
397,,,,,3,3,28,28,,
1116,,,,,13,13,14,14,,
782,,,,,7,7,7,7,,
1089,,,,,11,11,11,11,,
345,,,,,12,12,12,12,,
310,692844,692843,,,21,21,21,82,,
271,25984,,,,1,25,41,41,,
147,222,222,,,21,21,21,21,,
312,169,1297,,,13,13,13,13,,
212,,,,,6,6,8,15,,
291,224,224,224,,56,66,68,68,,
1221,,,,,9,9,9,9,,
847,281613,353365,,16768,8,17,116,378,,
837,826,742,,534,92,111,113,113,,
1071,,,,517,27,27,40,40,1279,186.21
820,,,,,2,2,2,2,,
150,,,,,6,6,6,6,,
292,,,,,11,22,22,22,,
361,,,,,11,11,11,11,,
1264,624,1421,1587,,33,68,92,92,,
71,,,,,7,7,15,15,,
1275,,,,,17,17,17,17,,
416,,,,,23,23,23,23,,
1075,,,,,33,38,38,38,,
1092,,,,,6,6,6,6,,
301,,,,,22,59,59,59,,
987,,,,,2,2,2,2,,
1273,455,2683,6255,1189,71,518,667,673,254333,156
975,12628,12628,12629,,17,23,23,23,,
927,,,,,26,40,40,40,,
415,3311,13563,,,6,56,58,58,,
1179,,,,,2,2,2,2,,
364,16349,,,,8,19,19,19,,
1103,426,,,,19,19,19,19,,
215,144,4585,4743,,24,66,66,66,,
100,,,,,12,12,14,14,,
980,,,,,2,2,2,2,,
70,74352,677474,,157228,16,115,505,1129,163420,207
1244,,,,,1,2,11,11,,
1251,3061,3061,,,16,45,60,127,1452,62.1
193,,,,,22,22,22,22,,
1010,,148,,,12,12,12,12,,
958,716165,716484,,710726,2,2,2,72,702530,51.75
1188,,,,,12,12,12,12,,
216,293,292,,405583,28,28,49,60,406343,138
897,5158,6301,19785,,23,130,230,280,11317,49
769,,,,,13,13,13,13,,
1001,76900,184647,184647,,8,8,164,164,,
1194,,,,,27,27,27,27,,
910,277,72765,,61121,25,135,434,579,63785,207
798,,,,,37,60,60,60,,
1168,,,,,1,1,1,1,,
1110,,,,,11,11,11,11,,
1274,802,892,892,,51,51,51,51,,
324,,,,,15,26,26,26,,
781,,,,,20,20,20,20,,
560,,,,,5,5,5,5,,
512,495398,498287,771717,115,49,81,296,1543,4879,186.3
1238,,130,,,35,35,35,35,,
569,,,,,6,6,6,6,,
992,,,,,,,,,,
555,,,,,11,13,13,13,,
705,,,,,8,8,30,30,,
856,149,426,426,,25,56,63,69,78051,69
919,2779,392148,477745,2660,21,21,38,38,,
294,161762,161762,,318,5,45,126,346,11376,110.4
1112,1025,,,,42,42,42,42,,
83,912,,,,67,86,91,91,,
297,,,,,5,5,5,5,,
1051,4851,2897,5462,376,36,490,490,490,,
753,250,250,749,,112,227,376,396,157101,69
499,1693,,9214,,40,71,71,71,,
825,,,,,18,18,18,18,,
107,133,,,,3,3,3,3,,
89,,,,359817,11,38,71,71,359929,110.4
926,69675,,,,26,26,26,26,,
1022,,,,,6,6,6,6,,
931,,,,,16,16,16,16,,
541,,,,,16,16,16,16,,
1009,107291,107291,107437,,15,34,187,187,,
524,,,,,4,4,4,4,,
826,90246,3210,,711230,19,54,131,213,,
659,301,301,77529,,34,177,177,214,,
161,630,630,630,,19,19,90,90,,
546,,,,,2,2,3,5,,
276,310,,,,6,6,6,6,,
1153,,,,,3,3,3,3,,
84,,,,,13,13,13,13,,
112,587,,,,9,9,9,9,,
24,1438,3899,4554,456481,46,118,246,246,,
201,,,,,9,9,9,9,,
268,,,,,20,20,20,20,,
360,670,783,1091,,50,50,50,51,,
1098,65084,69859,,,12,142,247,368,2033,49
653,,,,,2,2,2,2,,
314,153,239,,,9,9,9,9,,
702,,,,,6,6,21,21,,
1100,306,,484,,27,27,31,31,,
1000,1092,1307,1801,,51,190,305,358,,
1166,2663,2663,6000,,81,176,242,346,1011521,55.2
417,772079,772188,,,5,5,5,52,132,49
887,,,,,1,1,1,1,,
1149,321,1304,,1053,67,111,264,327,607081,147
26,562,,,,19,19,19,19,,
562,,,,,1,1,1,1,,
451,,,,,1,1,1,1,,
986,,,,,16,16,16,16,,
1205,,,,,8,8,8,8,,
322,,,,,6,6,6,6,,
1202,,,,,1,2,2,2,,
479,,,,,1,1,1,2,,
880,,,,,3,3,3,3,,
832,,,,,4,4,4,4,,
205,183129,249085,,,8,8,192,219,605780,58.19
485,,,,,22,22,22,22,,
907,517933,518079,,,2,2,26,26,,
1172,196,196,,,29,53,75,75,,
1227,,,,,8,8,8,8,,
481,344530,346677,604030,430741,5,5,293,342,,
493,,,,,10,10,10,10,,
566,,,,,2,2,2,2,,
1158,261,853,853,,28,97,221,407,5055,62.1
1111,,,,,5,5,5,5,,
1226,,,,,2,2,2,2,,
31,,,,,20,20,20,20,,
969,4974,166300,173747,,10,29,59,59,,
682,169,,,,14,14,14,14,,
739,,,,,10,10,10,10,,
1140,,,,,2,2,2,2,,
604,,250245,,,1,3,366,367,521661,58.19
812,955,45660,45865,,61,167,192,192,,
1159,,,,,9,9,9,9,,
599,,,,101,14,14,14,18,528,110.4
1206,343932,2467,344890,,30,30,108,258,342665,109
816,,,,,3,3,3,3,,
615,204,456,64032,79704,65,673,1012,1012,,
365,,,,,,,,,,
1099,83047,,,243,39,43,80,168,2149,196.2
177,538,,,,13,15,15,15,,
543,545,408,1103,,38,38,38,38,,
398,,,,,9,9,9,9,,
533,198261,198761,,,17,19,237,342,4580,52.37
1083,,,,,14,14,14,14,,
1123,1019,1841,1087,,99,186,186,186,,
801,285,285,1648,,47,47,89,89,,
1076,,73556,,,14,16,40,40,,
383,498516,576274,,,22,22,134,190,399603,58.65
1170,,,,,8,8,8,8,,
192,741,243094,,64364,15,69,167,167,65185,207
605,,,,,5,8,18,18,,
143,,,,,27,31,31,31,,
764,169,,,81188,24,92,107,107,,
716,,,,,1,1,1,1,,
525,,,,,15,15,15,15,,
1157,147,306,307,,80,80,80,80,,
1183,,,,,8,9,9,9,,
990,8367,8367,1204219,231,61,223,572,1080,18083,138.48
221,,,,,8,9,9,9,,
1132,,,,,1,1,1,1,,
580,186780,191052,,,11,15,126,309,570,69
1239,142,233,317,,14,14,14,18,,
539,,,,,13,13,13,13,,
751,,,,,28,33,33,33,,
602,,,,,43,43,43,47,927588,52.37
183,,,,110701,2,2,30,30,111100,76.93
453,,,,,8,15,15,15,,
1088,,,,,11,11,17,17,,
793,,,,,5,5,37,37,,
29,1347,1347,11176,,143,554,1455,1455,7759,36.75
198,,,,,26,34,46,46,,
1073,,,,,16,16,16,16,,
528,436418,707690,709077,,8,8,592,831,499125,69
1016,9635,9635,524425,,4,19,265,346,510479,49
645,237527,231382,298153,,83,85,534,537,544740,69
427,,,,,14,14,14,14,,
1236,,,,,1,1,1,1,,
323,,,,,25,25,25,25,,
1136,,,,,14,14,14,14,,
253,,239893,,1192778,5,5,12,33,,
1144,,,,,5,5,5,5,,
90,195,243,5332,,39,464,617,731,,
211,,,,,3,3,3,3,,
1186,715,2265,2461,,66,66,110,110,,
471,,,,,7,7,7,7,,
879,,,,,17,29,35,35,,
757,,,,,7,7,7,7,,
649,,,,,13,13,13,13,,
1219,,,,,17,17,17,17,,
242,84298,84355,,,,,,,,
572,172175,,,,1,1,167,180,607520,49
679,572,,,,27,27,27,27,,
699,14852,14852,502754,,62,257,780,1085,190,55.2
523,14787,14787,789021,,6,51,51,174,783973,49
188,504,,,,9,9,9,9,,
624,,,,,12,12,12,12,,
347,,,,,4,4,4,4,,
16,874,,,,21,21,21,21,,
1091,1145,,,,32,32,32,32,,
835,,,,23164,12,16,23,23,65898,138
664,,,,,32,32,32,32,,
169,,,,,11,11,11,11,,
520,,,,,10,10,10,10,333066,44.1
165,7337,,,,5,46,46,46,,
32,,,,,11,11,11,11,,
1048,,,,,8,8,8,8,,
811,,,,,2,2,2,2,,
549,,,,,5,6,6,6,,
989,,,,,3,3,3,3,,
456,,,,,6,6,6,6,,
697,5579,5579,,83,14,65,65,260,4933,83.3
251,,,,,2,2,2,2,,
206,,,,,10,10,10,10,,
1201,,243884,,,26,113,138,138,,
492,244,402,,,92,99,99,99,,
419,,,,968771,4,4,4,44,,
334,20532,20861,,,18,20,20,20,,
62,,,,,15,19,19,19,,
895,,,,,4,4,7,20,870147,29.59
335,150588,150588,150589,597083,4,31,425,652,597116,138
991,192639,192528,,,8,8,128,128,,
1265,43513,,,,1,50,50,50,,
1174,1096,1096,,582,33,35,41,41,,
1056,382,633,634,,5,10,59,59,,
853,,,,,,,,,,
1237,,,,,31,31,31,31,,
455,,,,,41,41,41,41,,
851,,,,,1,1,1,1,,
728,197,445,,,4,169,169,169,,
111,2766,2573,,,72,72,72,72,,
865,,,,,2,2,2,2,,
1086,,,,,22,22,22,22,,
1223,,,,,4,4,6,6,,
124,,,,,8,10,10,10,,
54,,,,,15,15,15,15,,
838,,65809,,,20,38,50,72,,
859,1763,2402,,,31,41,48,48,,
255,10480,,,,17,30,30,30,,
535,340352,,,,10,10,164,326,186357,62.1
1061,,,,,1,1,1,1,,
389,,,,,98,99,100,100,,
747,262276,264625,,261337,11,40,75,78,,
911,,,,,15,15,15,15,,
1154,,,,,3,3,3,3,,
5,,,,,1,1,1,1,,
52,190231,886933,,,29,57,83,169,,
836,,,,,10,10,10,10,,
265,3608,64,,,14,59,61,62,,
534,16277,1210,,,108,332,421,491,,
227,652,710,885,,106,293,923,1212,332117,58.19
363,604,708,1542,,54,97,97,97,,
973,,,,,,,,,,
886,798,940,,,40,47,53,53,440965,39
329,,,,,8,8,8,8,,
40,7981,7753,233800,7600,13,62,319,465,1187739,602
307,,,,,9,9,9,9,,
711,,,,,12,12,12,12,,
1257,,,,,9,9,9,9,,
777,270448,270448,521497,,20,20,274,747,375,62.1
785,1646,1786,1930,,28,28,28,28,,
1040,801,215,,,,,,,,
941,539,771,,,9,9,9,9,,
495,,,,,3,3,3,3,,
1006,237,446,1239,,11,18,18,81,,
48,915,28012,28690,,18,90,90,90,,
1271,549824,1044904,,225,31,31,147,243,251380,443.7
180,,3327,,,8,13,13,13,,
1082,,,,,4,4,4,4,,
1167,827403,,,,,,,,,
46,461,656,1780,81862,87,406,578,1085,454171,38.47
68,,,,,3,3,4,4,,
616,,,,,12,12,12,12,,
904,,,,,,,,,,
792,103887,1162,523828,481355,4,18,671,748,606730,138
338,,,,,34,34,34,34,,
1151,,,,,,,,,,
953,30899,,,,1,20,20,20,,
163,,15,,,1,13,13,13,,
637,,,,,1,1,1,1,,
704,240,,,,16,16,16,16,,
1012,421,753,1127570,,50,54,65,111,677092,55
317,1905,73475,,,21,25,51,60,834399,49
247,180054,,,,16,16,27,27,,
238,3611,3611,,,15,34,34,34,,
1027,376,864,1911,,108,108,108,159,,
1128,606271,606271,623857,,2,17,43,89,200542,62.1
845,209,586,723,,90,160,297,297,,
1007,642,,,,111,154,154,154,,
1192,,,,,8,8,15,15,,
108,446,508701,580162,,28,58,299,321,855957,69
443,3384,3384,3439,,49,142,143,149,,
1249,,12832,,,19,36,36,36,,
924,1129898,,,,15,15,15,106,,
999,173,173,,,44,48,48,48,,
898,15469,15469,73297,482,33,238,331,518,6326,490
313,2630,2865,,,37,37,149,175,421650,52.37
126,,,,,6,6,6,6,,
642,542,12163,416158,,26,41,152,271,505864,69
354,,,,,14,14,14,14,,
503,,,,,9,9,9,9,,
378,6511,,6511,,3,58,58,58,,
1021,,,,,1,1,1,1,,
875,,,,,1,1,1,1,,
784,,,,,17,17,17,17,,
893,189,,,,15,15,15,15,,
407,,,,,3,3,3,3,,
738,,,,,31,33,33,33,,
906,1001,2437,,,75,139,290,544,46164,69
1065,7195,7332,7332,,5,38,38,38,,
506,,,,,6,6,6,6,,
392,198,,320,,24,39,39,39,,
547,,,,,6,6,6,6,,
1163,1724,1724,27178,,84,332,506,582,1013939,38.47
30,,,,,8,8,8,8,,
446,,176,,,13,15,16,16,,
765,150567,151014,,,25,37,309,494,499454,49
420,,,,,18,18,18,29,,
269,,,,,5,5,5,31,,
1032,,,,,35,35,35,35,,
333,246,1017,70828,,46,194,247,253,,
61,1025588,,,,11,11,11,101,,
429,,,,,3,3,3,3,,
1011,,,,,5,5,5,5,,
1195,1022,,,,36,36,36,36,,
1093,,,,,,,,,,
1261,,,,,11,13,13,13,,
349,,,,,9,11,11,11,,
993,170,334,4523,,1,7,7,7,,
619,128,,,,26,26,26,26,,
622,,,,,3,7,7,7,,
773,,,,,16,16,16,16,,
866,346,432162,,,23,23,175,175,,
928,,109837,,,45,100,128,128,,
1028,,,,,30,30,30,30,,
1017,263678,263678,,,1,1,8,8,,
658,,,,,18,18,18,18,,
125,202,1945,,,33,65,165,224,335172,49
1198,,,,118,20,20,20,34,1276,289.97
258,11262,11330,176810,,7,95,301,328,,
914,,208,,,10,10,10,10,,
203,,2111,,,75,75,75,75,,
796,,,,,11,11,11,11,,
510,,,,,2,2,2,2,,
1181,7198,7198,64993,,11,82,146,169,512175,55.2
957,,,,,2,4,4,4,,
134,1286,1565,1565,,54,55,56,58,,
737,67937,201,1022143,577677,29,85,148,432,,
692,173455,173455,,162,29,29,212,254,1566,196.65
1069,614249,614249,768990,,43,64,72,156,683947,51.75
846,,,,,30,30,30,35,,
715,363152,363152,,,19,19,44,44,,
984,63392,,,,13,23,23,23,,
858,89484,197,90426,,20,20,67,70,,
118,,,,,15,15,15,15,,
234,2368,161299,161226,,45,115,440,1458,1104717,38.47
425,,,,,2,2,2,2,,
618,,,,,8,8,8,8,,
665,2069,2069,2403,,48,48,48,48,,
932,,,,,2,2,2,2,,
734,,,,,10,10,10,10,,
607,510272,510272,510273,,4,4,86,86,507834,62.1
749,,113,,,33,33,33,33,,
760,,,,,3,3,3,3,,
1270,258222,258306,258307,,21,55,194,214,,
236,,,,,12,16,18,18,,
1189,,,,,6,6,6,6,,
628,4128,4128,4128,,58,82,82,82,,
45,790224,871136,,789406,25,25,25,358,790478,124.2
136,,,,,8,8,8,8,,
1003,,,,,34,46,46,46,,
626,251207,251049,252112,,18,18,89,93,,
575,,,,,4,4,4,4,,
775,179,1542,1542,,48,93,175,175,7698,62.1
340,,,,,8,8,8,8,,
944,,,,,,,,,,
1118,,,,,20,27,27,27,,
184,260,1900,346286,338023,64,66,296,321,,
37,702,953,1108066,,28,50,50,339,951441,44.1
949,512532,237,512532,,17,17,59,65,,
303,301,301,26179,,34,271,271,271,,
438,318,32,1131,,94,120,189,189,,
439,,,,,11,11,11,11,,
299,,,,2381,25,34,70,73,,
857,,,,,15,15,20,20,,
694,320940,332075,,,1,1,87,87,,
1043,519924,842973,,148247,9,9,40,54,,
1127,539,,540,,18,18,18,18,,
606,,,,,1,20,20,20,,
1210,368,839,1338,,12,55,55,56,,
516,689,834,1061,,49,49,49,49,,
1058,,,,,16,16,16,16,,
59,,,,,32,32,32,32,,
431,,,,,15,15,15,15,,
437,,,,,1,3,6,6,,
362,,,,,18,19,19,19,,
9,298,,,,,,,,,
1203,,,,,8,8,8,8,,
581,,,,,5,5,5,5,,
187,,,,,13,13,13,13,,
1047,,,,,13,13,13,13,,
94,76406,675462,,79,24,24,24,24,21617,110.4
219,,,,,1,1,1,44,,
962,,,,,9,9,9,9,,
1066,1016,,,,3,3,3,3,,
772,1851,1851,1975,3379,85,218,218,218,,
678,3625,3625,,,15,33,67,116,647,49
353,1225,,1225,,76,76,76,76,,
709,,,,,8,8,17,17,,
942,,,,,5,5,5,5,,
662,,,,,3,3,3,3,,
157,2987,4752,600283,,61,102,214,511,593945,34.62
974,,,,,9,13,13,13,,
207,,,,,2,2,2,2,,
1152,,,,,14,14,14,14,,
257,,,,,35,35,37,37,,
1252,34438,,,,1,14,35,35,,
152,,,,,7,8,8,8,,
913,,,,,5,5,5,5,,
498,109792,166973,,,9,9,47,47,,
708,302,31713,33707,,1,42,42,66,647791,49
983,,,,,7,7,7,7,,
49,,,,,,,,,,
1260,,,,,17,18,18,18,,
1234,,,,,4,11,11,11,,
357,,,,,2,2,2,2,,
1034,,,,,3,4,4,7,,
252,,190,,,22,22,22,22,,
1078,933595,1126366,,94,34,50,88,279,80092,585.86
35,,,,,15,15,15,15,,
1207,,,,,31,33,33,33,,
330,363878,364530,,,9,9,103,103,,
225,537,537,239641,,57,100,168,498,1098683,62.1
968,,,,,,,,,,
714,,,,,11,11,28,28,528834,49
979,6580,344321,,2200,62,72,305,640,2765,88.2
170,155933,155933,,347,13,37,1110,1266,90220,138
548,,,,,14,14,14,28,,
1117,5446,7514,,,3,66,68,199,,
414,287562,288568,288568,,24,26,97,97,419060,49
98,292,546,,,53,151,176,226,594839,69
1180,1099340,,,,24,43,47,57,73061,69
827,655199,655199,,654867,50,50,50,166,,
601,126,126,439,,74,94,227,286,,
1276,1742,1742,,,24,29,29,29,,
366,,,,,11,12,12,12,,
209,2629,85590,685049,,59,515,1290,2015,680081,52.37
282,,,,,3,3,3,33,,
508,16591,16591,16591,,12,273,273,289,771881,32.7
57,,1646,,,8,8,8,8,,
318,1229,876,,,77,78,78,78,,
332,73723,,,,1,37,42,42,,
883,1424,,,,28,28,28,28,,
337,,,,,14,14,14,14,,
413,,,,,18,18,18,18,,
1049,,,,,19,19,19,19,,
131,272,272,,,13,20,20,29,,
69,,,,,2,2,2,3,,
768,781,2185,,,26,26,26,26,,
612,,,,,20,20,20,20,,
685,2047,3138,,,44,138,368,437,605921,69
1020,310,310,310,,20,38,38,38,,
854,1103,1763,,,47,47,74,94,1170865,49
1026,,,,,,,,,,
426,3215,3215,,,11,17,17,17,,
996,,,,,5,5,5,5,,
1160,1030,,,,37,63,86,86,,
1171,444,491281,,,2,3,3,3,,
1184,48,,,,,,,,,
250,14688,14688,708287,,20,68,249,332,279,51.75
1279,,,,229,26,44,69,69,3915,207
228,,,,,,,,,,
319,,,,,1,1,1,1,,
195,8835,9012,,,12,33,34,88,794809,62.1
894,331,54451,170166,,38,38,343,999,241861,58.65
97,,,,,1,1,1,1,,
872,181111,,,4382,1,26,93,100,,
483,,,,,10,10,10,10,,
117,,,,,5,5,5,5,,
1182,,156,,,1,1,4,5,,
264,295,28467,,,41,83,83,83,,
3,,,,,16,16,21,21,,
129,933695,323,1023434,932520,23,23,46,823,607329,49
12,581,279,,,67,67,71,71,,
67,257904,319249,1020725,254493,18,38,484,3532,254697,124.2
74,608,608,3828,,19,50,50,50,,
922,212428,212828,212828,,1,47,317,398,533396,49
786,,,,,2,2,2,2,,
795,,,,,33,37,37,37,,
544,1175,1175,,,17,17,17,17,,
807,,,,,10,10,10,10,,
829,,,,,4,7,21,21,,
532,,,,321,16,16,16,16,,
47,122,174,,,10,10,10,10,,
178,,,,,29,29,29,29,,
494,,,,,4,4,4,4,,
194,108,324,771,,76,76,76,76,,
651,,,,,1,1,2,2,,
116,4146,4506,4506,,11,40,40,40,,
1178,2163,2163,94312,,13,151,276,276,,
218,294195,,,,21,55,346,367,,
661,62426,586598,,2183,126,514,1813,2117,585120,115.4
229,1124,1124,,,7,8,8,10,,
468,659,363,,,20,20,20,20,,
159,1248,1247,1637,,51,51,63,63,,
787,1356,,,,9,16,16,16,,
115,,,,,4,4,4,4,,
266,138,,,,12,12,12,12,,
199,,,,,1,2,2,2,,
65,,,,,8,8,8,8,,
113,449702,,,2632,54,58,187,190,,
502,,,,,2,2,5,5,,
278,,,,,10,10,10,41,,
589,,,,,6,19,19,19,,
505,,,,,11,11,11,11,,
1173,,,,,4,7,7,7,,
917,,,,,1,1,1,1,,
644,607,,,,14,89,129,130,,
1122,229,229,,15590,11,48,48,48,,
358,,11986,,,57,135,135,135,,
821,,,,,14,14,14,14,,
929,,,,,2,2,2,2,,
259,636,,,,30,35,35,35,,
331,,,,,1,1,1,1,,
1101,113428,,,,1,1,10,10,,
1216,,,,,5,5,5,5,,
375,326152,328645,673038,,14,17,139,269,176894,62.1
799,,,,,8,8,8,8,,
719,,,,,9,9,9,9,,
629,763,593,,4183,21,50,113,113,,
868,,,,,,,,,,
434,566,566,1021,,123,130,146,146,,
53,,,,,1,1,1,1,,
473,501894,501894,,,11,15,65,104,,
640,77683,,,,90,308,336,339,,
899,608451,187700,611996,,30,35,48,144,,
830,,,,,5,5,5,5,,
901,395623,,,,5,5,31,55,,
384,,,,,11,11,11,11,,
182,,,,,5,5,5,5,,
423,,,,,7,7,7,20,,
1185,176073,176073,,,13,13,63,63,,
1281,229,229,230,,14,14,14,14,,
790,,,,,29,29,41,43,,
200,,,,,2,2,2,2,,
656,,,,,8,8,8,8,,
1220,,,,,3,3,3,3,,
380,,,,,2,2,2,2,,
771,606,606,346863,325628,36,36,135,158,,
14,,,,,,,,,,
164,,,,,23,24,31,31,,
746,,,,,2,2,2,2,,
450,863979,82647,,,10,62,83,146,857345,69
834,979,,,,28,28,28,28,,
359,,,,,14,14,14,14,,
279,,,,,8,8,8,8,,
284,320,171,465,851308,149,192,192,286,,
706,,,,,15,15,15,15,,
681,345133,,,,18,160,221,221,,
60,,,,,3,3,3,3,,
277,265635,253674,266431,,19,19,245,266,422726,58.19
166,,,,,12,12,12,12,,
88,612965,612965,,644,17,28,31,100,,
1199,703067,,,532,41,41,41,69,1193,165.6
1139,,,,,12,12,12,12,,
1164,366,366,367,,122,132,184,184,,
399,101191,101289,,,16,16,37,200,137,69
761,,,,500,20,55,72,80,2075,276
220,82600,,,,1,9,9,9,,
935,,,,,6,6,6,6,,
1255,,604,,,15,15,15,15,,
325,,,,,10,10,10,10,,
729,,,,,11,11,11,38,,
808,556,,,,33,33,33,37,,
672,765,1939,408650,,47,58,177,177,,
114,,285,,,16,16,16,16,,
754,,,,,5,14,14,14,,
863,,,,,10,10,19,19,,
797,,,,,11,12,12,12,,
591,,,,,5,5,5,5,,
356,,,,,2,2,2,2,,
574,,,,,6,6,6,6,,
1024,146,,,,13,13,13,13,,
457,111,,,410,26,28,57,57,,
1161,64191,67108,,,19,70,123,158,,
109,341,,,,13,13,27,27,,
78,,,,,5,5,20,20,,
1222,170,170,901148,,36,55,1230,1510,125625,69
132,,,,,2,3,3,3,,
717,929,929,2073,,96,138,177,210,,
249,,,,,3,3,3,20,,
185,4111,2673,5285,,59,92,92,92,,
56,22025,5086,,,30,64,64,64,,
977,,,,,14,14,14,14,,
519,,,,,12,12,12,12,,
1079,153208,,,,15,19,27,32,,
23,510981,,,,13,13,13,13,,
1129,675869,676143,,,2,3,5,12,67577,49
573,,,,,10,10,10,10,,
41,1609,,3812,,88,612,633,633,,
1130,441,512,,,7,7,7,7,,
430,,279,,,24,24,24,24,,
590,949219,949219,,880220,6,6,6,89,947669,155.25
504,,,,,6,7,7,7,,
669,,,,,5,5,5,5,,
1077,2006,2819,2820,,68,122,122,122,,
900,277,584,,,66,103,104,121,957464,58.65
460,2390,2390,3171,,65,140,140,140,,
783,605,,,,41,41,41,41,,
537,1099571,1120066,,,5,30,41,333,188,58.19
876,,40,,,8,8,8,8,,
802,,,,,1,3,5,5,,
1014,,,,,2,2,2,2,,
91,659,968,1779,,34,34,37,37,,
1055,,,,,4,7,7,23,,
884,,,,,21,21,21,21,,
608,362,964,164585,,48,84,245,246,,
1036,2505,,,,46,46,77,77,,
1121,1126,1126,1126,,8,8,8,8,,
28,785642,,,586,20,26,294,381,5438,615.45
388,,,,,3,3,3,3,,
86,,,,,10,10,17,17,,
469,570,570,,,19,19,30,30,,
756,,,,,14,14,14,14,,
556,,,,,7,7,7,7,,
1150,421703,115,827878,501164,34,34,174,258,501522,138
610,92639,92797,,,4,4,59,125,1052491,87.88
668,1641,1641,1668,,53,77,77,77,,
789,,,,,5,5,5,5,,
565,170,290456,,,37,47,90,90,,
382,,,,,5,5,5,5,,
700,1130506,1130691,,,11,11,13,69,,
675,506414,586454,586538,131,26,26,299,674,55940,110.4
4,,,,,6,6,6,6,,
892,,,,,5,5,5,5,,
467,179943,180497,520602,,25,26,111,135,596954,58.65
736,3716,3779,,,11,42,42,42,,
809,,,,855,111,154,165,165,587511,293.25
44,,,,,54,54,54,54,,
286,77,111085,113140,112419,3,4,149,149,,
988,435,435,435,,65,74,119,119,,
981,,,,,15,15,15,15,,
776,1184,1184,,,11,11,11,11,,
648,70936,79309,76421,,31,115,148,225,,
106,254,254,387,,31,49,49,49,,
138,,,,,4,4,6,6,,
985,,,,,8,8,21,21,,
559,,,,,6,6,6,6,,
1005,184,352,5037,,67,83,161,177,1204386,51.75
806,186801,186801,,,13,14,56,253,175551,38.47
488,,,,,1,1,1,1,,
815,2240,2468,,,21,21,21,21,,
204,3559,3399,,316533,41,46,89,143,,
1209,,,,,11,11,11,11,,
995,187,,,,15,49,49,49,,
1280,80028,90062,,4639,5,200,1683,3243,5385,362.25
409,,,,,2,2,2,2,,
296,286,399,,,67,118,191,191,,
766,,,,,19,19,19,19,,
667,489,489,490,,20,23,23,23,,
1115,,,,,2,2,2,2,,
477,280,146,1213,,26,26,26,26,,
154,,,,,1,7,7,7,,
902,2768,,,,56,57,57,57,,
515,,,,,31,31,31,31,,
522,4633,172308,173312,102027,20,144,513,513,,
344,,,,,7,7,7,7,,
119,43380,43380,,,1,14,14,14,,
458,765,272514,,,24,54,104,116,,
1250,,,,,11,16,16,16,,
396,1039424,,,,13,13,13,20,,
404,209,,,,,,,,,
197,691342,,,1198713,23,34,55,354,,
1254,154,551,,,26,26,26,26,,
290,176655,368363,,259,20,22,157,268,507,103.5
824,,,,,20,20,20,20,,
861,,,,,33,33,35,35,,
8,,,,,20,20,20,20,,
752,,,,,19,19,19,19,,
1057,1134646,1208042,,512,14,25,35,480,15203,621
970,590671,597962,617699,612483,11,27,69,417,593153,49
513,,,,,26,26,26,26,,
733,,,,,23,23,23,23,,
140,355,,,270,30,30,30,30,,
1240,,,,,20,20,20,20,,
241,,,,,8,8,8,8,,
25,,,,,3,3,3,3,,
855,,,,,4,4,4,4,,
1004,,,,,17,17,17,17,,
1272,1017716,1017716,,,2,2,2,94,,
954,,,,,1,1,4,4,,
123,,,,,1,1,1,1,,
564,,,,,2,2,23,23,,
891,193937,193937,853231,249,55,160,267,701,1246,207
617,,,,,1,1,1,1,,
476,,,,,9,12,12,12,,
889,465,,,,12,12,12,12,,
878,499,1208,1208,,95,117,118,118,,
390,817,698,536016,,1,1,189,299,421598,49
726,,,,,20,24,31,31,,
609,,27,,,8,8,8,8,,
50,251,262891,,,39,72,100,140,693396,51.75
151,493,493,,,7,7,7,7,,
1042,513993,,,,1,1,22,26,,
1233,28931,185,,,24,39,48,48,,
43,,,,,19,19,19,19,,
311,,,,,5,8,9,10,,
778,,,,,17,17,17,17,,
418,480,480,480,19751,73,344,960,1052,174790,98
850,323334,323334,,,11,11,66,84,600540,49
874,2467,,,,21,21,21,21,,
491,,,,,28,28,28,28,,
1054,493,72370,73351,,1,55,55,55,,
155,,,,,7,7,7,7,,
730,,,,,9,9,9,9,,
1200,,,,,7,7,7,7,,
800,591,,,,44,44,44,44,,
1090,,,,,10,26,26,26,,
77,,,,,26,26,26,26,,
387,207,,,,1,1,1,7,,
940,,,,,15,15,15,15,,
449,2415,2415,,,41,41,41,41,,
424,801,73,,696,145,244,296,296,,
1124,,,,,11,27,27,27,,
950,502,502,,,14,14,23,23,,
998,,,,,1,1,1,2,,
1231,418657,,,,13,13,26,26,,
171,132,521,922,,33,77,95,95,,
156,,,,,7,19,26,26,,
842,9117,413931,,583,78,319,794,1983,955,138.48
355,,,,,5,5,10,10,,
482,,,,,1,1,1,1,,
7,,,,,9,9,9,9,,
245,220,,389,,38,38,38,38,,
1085,,,,,16,16,16,16,,
422,410,410,411,,22,22,22,58,,
1135,473268,,,,1,1,10,10,,
371,143203,73682,,,13,23,159,206,750333,39
585,,,,,4,9,9,9,,
22,658,751,751,,27,27,46,46,,
1109,,,,,2,4,4,4,,
538,248,248,1042,,9,9,9,12,,
767,,,,,8,8,8,8,,
588,,,,,5,5,5,5,,
690,,,,,,,,,,
339,5260,,,,43,95,95,95,,
1033,,,,,114,114,114,114,,
641,88168,88168,88168,1044518,58,138,365,627,1044786,138
15,2765,90583,90797,,35,53,350,896,510209,98.1
976,,,,,13,13,13,13,,
1105,,,,,29,29,29,29,,
472,,,,,3,3,3,3,,
92,438,39183,,,21,67,177,218,606168,49
818,,,,,9,9,9,20,,
529,,,,,5,5,5,5,,
731,,,,,2,5,5,5,,
841,,,,,4,4,4,4,,
210,138,78613,,,30,36,36,36,,
1283,,,,,13,13,13,13,,
1108,,,,,24,24,24,24,,
51,,,,,,,,,,
831,,,,,7,7,7,7,,
933,,,,13084,2,8,21,21,,
305,,,,,2,2,2,2,,
885,2020,114,7411,,84,225,574,782,514043,69
214,,,,,2,2,2,2,,
372,,,,,11,11,11,11,,
412,,,,,4,4,15,15,,
1053,63044,3496,,118,93,100,156,168,7143,103.5
444,67015,66567,173141,644,9,21,94,116,938482,117.3
1120,313,482,432004,,26,103,228,269,528776,69
1143,,,,,10,10,10,10,,
844,695603,695869,,,18,18,41,79,,
272,,,,,12,16,22,22,,
121,,,,,19,25,25,25,,
804,79043,,,,31,144,362,362,37942,69
1211,615594,615666,,,3,3,16,94,,
823,,,,,4,4,4,4,,
965,,,,,7,7,7,7,,
908,,,,,26,33,33,33,,
72,10227,10227,,,2,9,15,15,,
386,53320,53766,590170,,3,27,297,357,334501,59
1070,,,,179882,4,24,28,28,,
593,,,,,3,3,3,3,,
135,,,,,20,20,25,25,,
448,,,,,11,15,15,15,,
597,306,364,,,14,24,32,36,3427,49
1165,942360,,,339263,1,1,21,36,,
346,,,,,1,1,1,1,,
462,,,,,4,4,4,4,,
1218,,,,,,,,,,
869,,,,,7,7,7,7,,
639,,,,,3,3,3,3,,
320,256,,,,14,14,14,14,,
584,,,,530,24,31,36,36,,
1050,,55260,,,42,55,55,57,1151886,80
1243,1047,1157,,307960,51,54,71,71,601378,49
735,,,,,15,23,25,25,,
552,,,,452,49,49,105,234,248290,483
877,288,1351,,,35,35,55,55,571485,36.75
657,277270,,,,5,5,165,201,,
316,,,,,27,27,27,27,,
780,,,,,6,6,6,6,,
627,,,,,11,49,147,205,,
994,,,,,1,1,1,1,,
833,,,,,4,4,4,4,,
909,,,,,2,3,3,3,,
1217,309,97024,297220,1037900,8,8,68,354,1041396,117.3
1131,,,,,4,4,4,4,,
571,,,,,25,25,63,63,,
1146,,,,,13,15,15,15,,
435,403296,673593,,76706,32,73,310,1903,340766,414
1096,435641,874100,,148,43,43,621,766,484,110.4
1008,,,,,6,6,6,6,,
579,,,,256,17,51,234,275,168249,124.2
948,1529,,,,57,275,427,568,829,49
300,82978,82978,82978,,21,54,179,186,,
1025,,,,,,,,,,
707,,,,,9,9,12,12,,
963,,,,,4,4,4,4,,
507,61602,192,,1177070,18,50,60,177,,
27,165987,165751,,521,42,42,146,202,1437,276
1253,,,,,14,14,14,14,,
1074,,,,,16,16,16,16,,
445,,,,,6,6,6,6,,
557,,,,,6,6,6,6,,
497,77200,74899,169721,11848,10,84,310,581,13285,118
281,257,1466,,4446,93,206,206,206,,
441,,,,,12,13,13,13,,
779,14204,14608,175628,,15,69,130,130,,
440,,,,,7,22,57,57,,
490,,,,,5,5,5,5,,
576,,,,,11,11,11,11,,
411,,361,,,26,26,82,82,,
759,,,,,1,1,5,5,,
179,1873,2117,524137,,28,41,88,88,,
689,622,622,,,23,23,23,23,,
592,4505,111696,,345668,12,101,189,649,609353,117.3
1067,,,,,5,8,8,8,,
321,,,,,51,51,51,51,,
611,,,,,1,1,1,1,,
840,,,,,16,16,16,16,,
1031,,,,,20,29,29,29,,
1046,,,,,1,1,1,1,,
718,383,865,,,40,90,101,101,,
770,,,,,9,9,26,35,,
233,,,,,2,2,2,2,,
848,4266,6927,,4677,34,113,149,215,1123548,88.2
298,176,,,,14,14,14,14,,
1133,,,,,3,3,12,12,,
956,,,,,1,1,1,1,,
289,,,,,2,2,2,2,,
1114,,,,,7,10,10,10,,
813,,,,,7,7,7,7,,
18,,,,,2,2,2,2,,
217,,,,,1,1,3,3,,
38,,,,,5,6,11,11,,
1187,207,2718,,,38,54,54,54,,
1081,2031,2031,,,89,156,166,169,,
741,,,,,22,22,22,22,,
643,203,550,,,25,72,133,134,,
636,,,,,16,16,16,16,,
791,344,344,344,,8,8,8,8,,
750,,,,,12,19,19,19,,
740,,,,,33,33,33,33,,
952,2721,2721,2722,,27,30,35,35,,
240,,6468,,,9,9,9,9,,
501,526,5688,217163,413036,73,246,703,908,676707,272
923,439583,,,367,26,26,197,426,272545,346.19
239,,,,,7,14,14,14,,
725,,,,,,,,,,
103,,,,,4,4,4,4,,
1256,471,,,,28,28,28,28,,
794,79926,327855,327958,,5,10,23,23,,
1002,266,266,508,,57,62,91,118,579295,38.47
888,,,,,4,4,4,4,,
674,174,56967,58122,,89,248,291,291,,
633,931,1036,1036,,,,,,,
120,,,,,1,1,1,1,,
432,,,,,2,2,2,2,,
558,333,,,,6,6,6,6,,
691,,,,,14,14,14,15,,
712,1797,1912,2074,,61,66,152,156,563451,49
474,273,273,,,5,20,20,20,,
1029,,,,,9,9,9,9,,
905,3684,3734,,,23,46,46,46,,
101,,,,,16,16,16,16,,
374,731,342752,342753,12075,23,92,220,535,614953,138
34,,,,,9,9,9,14,,
288,134,,,,17,17,17,17,,
594,,,,,13,13,13,13,,
570,,,,,9,9,9,9,,
1013,,,,,10,10,10,10,249496,49
583,,,,,7,7,7,7,,
173,1158,,,,97,97,97,98,,
635,,159,,,2,2,16,16,,
852,,,,,7,7,7,7,,
55,81917,,,,5,54,60,60,,
655,,,,,20,20,20,20,,
394,3007,,,,81,117,117,117,,
1064,,,,,24,24,24,24,,
295,,,,,3,3,3,3,,
1084,,,,,7,7,7,7,,
671,8354,8354,8354,,5,36,36,36,,
93,,,,,6,6,6,6,,
527,,,,,1,1,1,1,,
1045,339159,537996,606383,2081,29,49,153,1987,7119,138
748,,,,,1,1,1,1,,
828,491,,,,25,25,25,25,,
393,,481,,,26,26,26,26,,
696,,,,,12,12,12,18,,
623,,,,,2,2,2,2,,
127,,,,,6,7,7,7,,
153,1817,,,,29,31,31,31,,
934,521871,522503,,,44,108,145,170,596289,49
1104,68184,68184,257857,,3,154,456,456,,
33,,,,,1,9,9,9,,
743,,,,,6,12,20,20,,
1041,953210,,,,14,14,14,31,,
461,,386,,,14,14,14,14,,
306,,,,,20,20,20,20,,
1259,,,,,47,47,69,69,,
486,,,,,5,5,7,7,,
916,78375,13939,786532,,2,24,77,217,464126,69
545,1063016,,,512,14,116,139,170,5954,207
803,675335,672,675549,,129,164,191,446,770566,58.19
81,156,156,217,,19,19,19,19,,
961,,121,,,7,7,18,18,,
20,,,,,5,5,5,5,,
1235,389,567,,,77,77,77,77,,
262,,,,,,,,,,
849,1605,1727,2451,,36,36,36,114,,
470,3038,,,,12,13,15,21,,
946,482,,,,31,31,31,31,,
955,155789,154492,,,9,26,301,307,,
351,,,,,12,12,12,12,,
287,,,,,6,6,6,6,,
677,,,,,17,17,17,17,,
1145,687,103,,,29,29,29,29,,
526,,,,,5,5,5,5,,
122,,,,,4,4,4,4,,
663,,,,,1,1,5,5,,
95,,,,,46,46,46,46,,
141,,,,,5,5,5,5,,
1037,,,,,12,12,12,12,,
1175,,,,,14,14,14,14,,
142,4196,,,,8,14,14,29,,
17,176,176,,,8,8,8,8,,
406,31138,31138,,,33,109,201,307,600217,69
168,96794,,,,21,21,62,62,,
1228,,,,,2,2,2,2,,
73,1150,1150,1150,,30,54,136,227,,
598,,,,,3,3,3,3,,
720,103,,,,20,20,32,42,1043207,62.1
1191,,,,147,32,32,40,43,1348,124.2
309,136,,,,3,3,3,3,,
530,,,,,2,2,2,2,,
273,,,,,5,5,5,5,,
270,,,,,1,1,5,5,,
